,path,emotion
0,data/training\Actor_01\01_01_01_01_dogs-sitting_neutral.wav,neutral
1,data/training\Actor_01\01_01_01_01_kids-talking_neutral.wav,neutral
2,data/training\Actor_01\01_01_01_02_dogs-sitting_neutral.wav,neutral
3,data/training\Actor_01\01_01_01_02_kids-talking_neutral.wav,neutral
4,data/training\Actor_01\01_02_01_01_dogs-sitting_neutral.wav,neutral
5,data/training\Actor_01\01_02_01_01_kids-talking_neutral.wav,neutral
6,data/training\Actor_01\01_02_01_02_dogs-sitting_neutral.wav,neutral
7,data/training\Actor_01\01_02_01_02_kids-talking_neutral.wav,neutral
8,data/training\Actor_01\03-02-01-01-01-01-01_neutral.wav,neutral
9,data/training\Actor_01\03-02-01-01-01-02-01_neutral.wav,neutral
10,data/training\Actor_01\03-02-01-01-02-01-01_neutral.wav,neutral
11,data/training\Actor_01\03-02-01-01-02-02-01_neutral.wav,neutral
12,data/training\Actor_02\02_01_01_01_dogs-sitting_neutral.wav,neutral
13,data/training\Actor_02\02_01_01_01_kids-talking_neutral.wav,neutral
14,data/training\Actor_02\02_01_01_02_dogs-sitting_neutral.wav,neutral
15,data/training\Actor_02\02_01_01_02_kids-talking_neutral.wav,neutral
16,data/training\Actor_02\02_02_01_01_dogs-sitting_neutral.wav,neutral
17,data/training\Actor_02\02_02_01_01_kids-talking_neutral.wav,neutral
18,data/training\Actor_02\02_02_01_02_dogs-sitting_neutral.wav,neutral
19,data/training\Actor_02\02_02_01_02_kids-talking_neutral.wav,neutral
20,data/training\Actor_02\03-02-01-01-01-01-02_neutral.wav,neutral
21,data/training\Actor_02\03-02-01-01-01-02-02_neutral.wav,neutral
22,data/training\Actor_02\03-02-01-01-02-01-02_neutral.wav,neutral
23,data/training\Actor_02\03-02-01-01-02-02-02_neutral.wav,neutral
24,data/training\Actor_03\03-02-01-01-01-01-03_neutral.wav,neutral
25,data/training\Actor_03\03-02-01-01-01-02-03_neutral.wav,neutral
26,data/training\Actor_03\03-02-01-01-02-01-03_neutral.wav,neutral
27,data/training\Actor_03\03-02-01-01-02-02-03_neutral.wav,neutral
28,data/training\Actor_03\03_01_01_01_dogs-sitting_neutral.wav,neutral
29,data/training\Actor_03\03_01_01_01_kids-talking_neutral.wav,neutral
30,data/training\Actor_03\03_01_01_02_dogs-sitting_neutral.wav,neutral
31,data/training\Actor_03\03_01_01_02_kids-talking_neutral.wav,neutral
32,data/training\Actor_03\03_02_01_01_dogs-sitting_neutral.wav,neutral
33,data/training\Actor_03\03_02_01_01_kids-talking_neutral.wav,neutral
34,data/training\Actor_03\03_02_01_02_dogs-sitting_neutral.wav,neutral
35,data/training\Actor_03\03_02_01_02_kids-talking_neutral.wav,neutral
36,data/training\Actor_04\03-02-01-01-01-01-04_neutral.wav,neutral
37,data/training\Actor_04\03-02-01-01-01-02-04_neutral.wav,neutral
38,data/training\Actor_04\03-02-01-01-02-01-04_neutral.wav,neutral
39,data/training\Actor_04\03-02-01-01-02-02-04_neutral.wav,neutral
40,data/training\Actor_04\04_01_01_01_dogs-sitting_neutral.wav,neutral
41,data/training\Actor_04\04_01_01_01_kids-talking_neutral.wav,neutral
42,data/training\Actor_04\04_01_01_02_dogs-sitting_neutral.wav,neutral
43,data/training\Actor_04\04_01_01_02_kids-talking_neutral.wav,neutral
44,data/training\Actor_04\04_02_01_01_dogs-sitting_neutral.wav,neutral
45,data/training\Actor_04\04_02_01_01_kids-talking_neutral.wav,neutral
46,data/training\Actor_04\04_02_01_02_dogs-sitting_neutral.wav,neutral
47,data/training\Actor_04\04_02_01_02_kids-talking_neutral.wav,neutral
48,data/training\Actor_05\03-02-01-01-01-01-05_neutral.wav,neutral
49,data/training\Actor_05\03-02-01-01-01-02-05_neutral.wav,neutral
50,data/training\Actor_05\03-02-01-01-02-01-05_neutral.wav,neutral
51,data/training\Actor_05\03-02-01-01-02-02-05_neutral.wav,neutral
52,data/training\Actor_05\05_01_01_01_dogs-sitting_neutral.wav,neutral
53,data/training\Actor_05\05_01_01_01_kids-talking_neutral.wav,neutral
54,data/training\Actor_05\05_01_01_02_dogs-sitting_neutral.wav,neutral
55,data/training\Actor_05\05_01_01_02_kids-talking_neutral.wav,neutral
56,data/training\Actor_05\05_02_01_01_dogs-sitting_neutral.wav,neutral
57,data/training\Actor_05\05_02_01_01_kids-talking_neutral.wav,neutral
58,data/training\Actor_05\05_02_01_02_dogs-sitting_neutral.wav,neutral
59,data/training\Actor_05\05_02_01_02_kids-talking_neutral.wav,neutral
60,data/training\Actor_06\03-02-01-01-01-01-06_neutral.wav,neutral
61,data/training\Actor_06\03-02-01-01-01-02-06_neutral.wav,neutral
62,data/training\Actor_06\03-02-01-01-02-01-06_neutral.wav,neutral
63,data/training\Actor_06\03-02-01-01-02-02-06_neutral.wav,neutral
64,data/training\Actor_06\06_01_01_01_dogs-sitting_neutral.wav,neutral
65,data/training\Actor_06\06_01_01_01_kids-talking_neutral.wav,neutral
66,data/training\Actor_06\06_01_01_02_dogs-sitting_neutral.wav,neutral
67,data/training\Actor_06\06_01_01_02_kids-talking_neutral.wav,neutral
68,data/training\Actor_06\06_02_01_01_dogs-sitting_neutral.wav,neutral
69,data/training\Actor_06\06_02_01_01_kids-talking_neutral.wav,neutral
70,data/training\Actor_06\06_02_01_02_dogs-sitting_neutral.wav,neutral
71,data/training\Actor_06\06_02_01_02_kids-talking_neutral.wav,neutral
72,data/training\Actor_07\07_01_01_01_dogs-sitting_neutral.wav,neutral
73,data/training\Actor_07\07_01_01_01_kids-talking_neutral.wav,neutral
74,data/training\Actor_07\07_01_01_02_dogs-sitting_neutral.wav,neutral
75,data/training\Actor_07\07_01_01_02_kids-talking_neutral.wav,neutral
76,data/training\Actor_07\07_02_01_01_dogs-sitting_neutral.wav,neutral
77,data/training\Actor_07\07_02_01_01_kids-talking_neutral.wav,neutral
78,data/training\Actor_07\07_02_01_02_dogs-sitting_neutral.wav,neutral
79,data/training\Actor_07\07_02_01_02_kids-talking_neutral.wav,neutral
80,data/training\Actor_08\08_01_01_01_dogs-sitting_neutral.wav,neutral
81,data/training\Actor_08\08_01_01_01_kids-talking_neutral.wav,neutral
82,data/training\Actor_08\08_01_01_02_dogs-sitting_neutral.wav,neutral
83,data/training\Actor_08\08_01_01_02_kids-talking_neutral.wav,neutral
84,data/training\Actor_08\08_02_01_01_dogs-sitting_neutral.wav,neutral
85,data/training\Actor_08\08_02_01_01_kids-talking_neutral.wav,neutral
86,data/training\Actor_08\08_02_01_02_dogs-sitting_neutral.wav,neutral
87,data/training\Actor_08\08_02_01_02_kids-talking_neutral.wav,neutral
88,data/training\Actor_09\09_01_01_01_dogs-sitting_neutral.wav,neutral
89,data/training\Actor_09\09_01_01_01_kids-talking_neutral.wav,neutral
90,data/training\Actor_09\09_01_01_02_dogs-sitting_neutral.wav,neutral
91,data/training\Actor_09\09_01_01_02_kids-talking_neutral.wav,neutral
92,data/training\Actor_09\09_02_01_01_dogs-sitting_neutral.wav,neutral
93,data/training\Actor_09\09_02_01_01_kids-talking_neutral.wav,neutral
94,data/training\Actor_09\09_02_01_02_dogs-sitting_neutral.wav,neutral
95,data/training\Actor_09\09_02_01_02_kids-talking_neutral.wav,neutral
96,data/training\Actor_10\10_01_01_01_dogs-sitting_neutral.wav,neutral
97,data/training\Actor_10\10_01_01_01_kids-talking_neutral.wav,neutral
98,data/training\Actor_10\10_01_01_02_dogs-sitting_neutral.wav,neutral
99,data/training\Actor_10\10_01_01_02_kids-talking_neutral.wav,neutral
100,data/training\Actor_10\10_02_01_01_dogs-sitting_neutral.wav,neutral
101,data/training\Actor_10\10_02_01_01_kids-talking_neutral.wav,neutral
102,data/training\Actor_10\10_02_01_02_dogs-sitting_neutral.wav,neutral
103,data/training\Actor_10\10_02_01_02_kids-talking_neutral.wav,neutral
104,data/training\Actor_11\03-02-01-01-01-01-11_neutral.wav,neutral
105,data/training\Actor_11\03-02-01-01-01-02-11_neutral.wav,neutral
106,data/training\Actor_11\03-02-01-01-02-01-11_neutral.wav,neutral
107,data/training\Actor_11\03-02-01-01-02-02-11_neutral.wav,neutral
108,data/training\Actor_11\11_01_01_01_dogs-sitting_neutral.wav,neutral
109,data/training\Actor_11\11_01_01_01_kids-talking_neutral.wav,neutral
110,data/training\Actor_11\11_01_01_02_dogs-sitting_neutral.wav,neutral
111,data/training\Actor_11\11_01_01_02_kids-talking_neutral.wav,neutral
112,data/training\Actor_11\11_02_01_01_dogs-sitting_neutral.wav,neutral
113,data/training\Actor_11\11_02_01_01_kids-talking_neutral.wav,neutral
114,data/training\Actor_11\11_02_01_02_dogs-sitting_neutral.wav,neutral
115,data/training\Actor_11\11_02_01_02_kids-talking_neutral.wav,neutral
116,data/training\Actor_12\03-02-01-01-01-01-12_neutral.wav,neutral
117,data/training\Actor_12\03-02-01-01-01-02-12_neutral.wav,neutral
118,data/training\Actor_12\03-02-01-01-02-01-12_neutral.wav,neutral
119,data/training\Actor_12\03-02-01-01-02-02-12_neutral.wav,neutral
120,data/training\Actor_12\12_01_01_01_dogs-sitting_neutral.wav,neutral
121,data/training\Actor_12\12_01_01_01_kids-talking_neutral.wav,neutral
122,data/training\Actor_12\12_01_01_02_dogs-sitting_neutral.wav,neutral
123,data/training\Actor_12\12_01_01_02_kids-talking_neutral.wav,neutral
124,data/training\Actor_12\12_02_01_01_dogs-sitting_neutral.wav,neutral
125,data/training\Actor_12\12_02_01_01_kids-talking_neutral.wav,neutral
126,data/training\Actor_12\12_02_01_02_dogs-sitting_neutral.wav,neutral
127,data/training\Actor_12\12_02_01_02_kids-talking_neutral.wav,neutral
128,data/training\Actor_13\03-02-01-01-01-01-13_neutral.wav,neutral
129,data/training\Actor_13\03-02-01-01-01-02-13_neutral.wav,neutral
130,data/training\Actor_13\03-02-01-01-02-01-13_neutral.wav,neutral
131,data/training\Actor_13\03-02-01-01-02-02-13_neutral.wav,neutral
132,data/training\Actor_13\13_01_01_01_dogs-sitting_neutral.wav,neutral
133,data/training\Actor_13\13_01_01_01_kids-talking_neutral.wav,neutral
134,data/training\Actor_13\13_01_01_02_dogs-sitting_neutral.wav,neutral
135,data/training\Actor_13\13_01_01_02_kids-talking_neutral.wav,neutral
136,data/training\Actor_13\13_02_01_01_dogs-sitting_neutral.wav,neutral
137,data/training\Actor_13\13_02_01_01_kids-talking_neutral.wav,neutral
138,data/training\Actor_13\13_02_01_02_dogs-sitting_neutral.wav,neutral
139,data/training\Actor_13\13_02_01_02_kids-talking_neutral.wav,neutral
140,data/training\Actor_14\03-02-01-01-01-01-14_neutral.wav,neutral
141,data/training\Actor_14\03-02-01-01-01-02-14_neutral.wav,neutral
142,data/training\Actor_14\03-02-01-01-02-01-14_neutral.wav,neutral
143,data/training\Actor_14\03-02-01-01-02-02-14_neutral.wav,neutral
144,data/training\Actor_14\14_02_01_01_dogs-sitting_neutral.wav,neutral
145,data/training\Actor_14\14_02_01_01_kids-talking_neutral.wav,neutral
146,data/training\Actor_14\14_02_01_02_dogs-sitting_neutral.wav,neutral
147,data/training\Actor_14\14_02_01_02_kids-talking_neutral.wav,neutral
148,data/training\Actor_15\03-02-01-01-01-01-15_neutral.wav,neutral
149,data/training\Actor_15\03-02-01-01-01-02-15_neutral.wav,neutral
150,data/training\Actor_15\03-02-01-01-02-01-15_neutral.wav,neutral
151,data/training\Actor_15\03-02-01-01-02-02-15_neutral.wav,neutral
152,data/training\Actor_15\15_02_01_01_dogs-sitting_neutral.wav,neutral
153,data/training\Actor_15\15_02_01_01_kids-talking_neutral.wav,neutral
154,data/training\Actor_15\15_02_01_02_dogs-sitting_neutral.wav,neutral
155,data/training\Actor_15\15_02_01_02_kids-talking_neutral.wav,neutral
156,data/training\Actor_16\03-02-01-01-01-01-16_neutral.wav,neutral
157,data/training\Actor_16\03-02-01-01-01-02-16_neutral.wav,neutral
158,data/training\Actor_16\03-02-01-01-02-01-16_neutral.wav,neutral
159,data/training\Actor_16\03-02-01-01-02-02-16_neutral.wav,neutral
160,data/training\Actor_16\16_02_01_01_dogs-sitting_neutral.wav,neutral
161,data/training\Actor_16\16_02_01_01_kids-talking_neutral.wav,neutral
162,data/training\Actor_16\16_02_01_02_dogs-sitting_neutral.wav,neutral
163,data/training\Actor_16\16_02_01_02_kids-talking_neutral.wav,neutral
164,data/training\Actor_17\03-02-01-01-01-01-17_neutral.wav,neutral
165,data/training\Actor_17\03-02-01-01-01-02-17_neutral.wav,neutral
166,data/training\Actor_17\03-02-01-01-02-01-17_neutral.wav,neutral
167,data/training\Actor_17\03-02-01-01-02-02-17_neutral.wav,neutral
168,data/training\Actor_17\17_02_01_01_dogs-sitting_neutral.wav,neutral
169,data/training\Actor_17\17_02_01_01_kids-talking_neutral.wav,neutral
170,data/training\Actor_17\17_02_01_02_dogs-sitting_neutral.wav,neutral
171,data/training\Actor_17\17_02_01_02_kids-talking_neutral.wav,neutral
172,data/training\Actor_18\18_01_01_01_dogs-sitting_neutral.wav,neutral
173,data/training\Actor_18\18_01_01_01_kids-talking_neutral.wav,neutral
174,data/training\Actor_18\18_01_01_02_dogs-sitting_neutral.wav,neutral
175,data/training\Actor_18\18_01_01_02_kids-talking_neutral.wav,neutral
176,data/training\Actor_19\03-02-01-01-01-01-19_neutral.wav,neutral
177,data/training\Actor_19\03-02-01-01-01-02-19_neutral.wav,neutral
178,data/training\Actor_19\03-02-01-01-02-01-19_neutral.wav,neutral
179,data/training\Actor_19\03-02-01-01-02-02-19_neutral.wav,neutral
180,data/training\Actor_19\19_01_01_01_dogs-sitting_neutral.wav,neutral
181,data/training\Actor_19\19_01_01_01_kids-talking_neutral.wav,neutral
182,data/training\Actor_19\19_01_01_02_dogs-sitting_neutral.wav,neutral
183,data/training\Actor_19\19_01_01_02_kids-talking_neutral.wav,neutral
184,data/training\Actor_19\19_02_01_01_dogs-sitting_neutral.wav,neutral
185,data/training\Actor_19\19_02_01_01_kids-talking_neutral.wav,neutral
186,data/training\Actor_19\19_02_01_02_dogs-sitting_neutral.wav,neutral
187,data/training\Actor_19\19_02_01_02_kids-talking_neutral.wav,neutral
188,data/training\Actor_20\03-02-01-01-01-01-20_neutral.wav,neutral
189,data/training\Actor_20\03-02-01-01-01-02-20_neutral.wav,neutral
190,data/training\Actor_20\03-02-01-01-02-01-20_neutral.wav,neutral
191,data/training\Actor_20\03-02-01-01-02-02-20_neutral.wav,neutral
192,data/training\Actor_20\20_01_01_01_dogs-sitting_neutral.wav,neutral
193,data/training\Actor_20\20_01_01_01_kids-talking_neutral.wav,neutral
194,data/training\Actor_20\20_01_01_02_dogs-sitting_neutral.wav,neutral
195,data/training\Actor_20\20_01_01_02_kids-talking_neutral.wav,neutral
196,data/training\Actor_21\03-02-01-01-01-01-21_neutral.wav,neutral
197,data/training\Actor_21\03-02-01-01-01-02-21_neutral.wav,neutral
198,data/training\Actor_21\03-02-01-01-02-01-21_neutral.wav,neutral
199,data/training\Actor_21\03-02-01-01-02-02-21_neutral.wav,neutral
200,data/training\Actor_21\21_01_01_01_dogs-sitting_neutral.wav,neutral
201,data/training\Actor_21\21_01_01_01_kids-talking_neutral.wav,neutral
202,data/training\Actor_21\21_01_01_02_dogs-sitting_neutral.wav,neutral
203,data/training\Actor_21\21_01_01_02_kids-talking_neutral.wav,neutral
204,data/training\Actor_22\03-02-01-01-01-01-22_neutral.wav,neutral
205,data/training\Actor_22\03-02-01-01-01-02-22_neutral.wav,neutral
206,data/training\Actor_22\03-02-01-01-02-01-22_neutral.wav,neutral
207,data/training\Actor_22\03-02-01-01-02-02-22_neutral.wav,neutral
208,data/training\Actor_22\22_01_01_01_dogs-sitting_neutral.wav,neutral
209,data/training\Actor_22\22_01_01_01_kids-talking_neutral.wav,neutral
210,data/training\Actor_22\22_01_01_02_dogs-sitting_neutral.wav,neutral
211,data/training\Actor_22\22_01_01_02_kids-talking_neutral.wav,neutral
212,data/training\Actor_23\03-02-01-01-01-01-23_neutral.wav,neutral
213,data/training\Actor_23\03-02-01-01-01-02-23_neutral.wav,neutral
214,data/training\Actor_23\03-02-01-01-02-01-23_neutral.wav,neutral
215,data/training\Actor_23\03-02-01-01-02-02-23_neutral.wav,neutral
216,data/training\Actor_23\23_01_01_01_dogs-sitting_neutral.wav,neutral
217,data/training\Actor_23\23_01_01_01_kids-talking_neutral.wav,neutral
218,data/training\Actor_23\23_01_01_02_dogs-sitting_neutral.wav,neutral
219,data/training\Actor_23\23_01_01_02_kids-talking_neutral.wav,neutral
220,data/training\Actor_24\03-02-01-01-01-01-24_neutral.wav,neutral
221,data/training\Actor_24\03-02-01-01-01-02-24_neutral.wav,neutral
222,data/training\Actor_24\03-02-01-01-02-01-24_neutral.wav,neutral
223,data/training\Actor_24\03-02-01-01-02-02-24_neutral.wav,neutral
224,data/training\Actor_24\24_01_01_01_dogs-sitting_neutral.wav,neutral
225,data/training\Actor_24\24_01_01_01_kids-talking_neutral.wav,neutral
226,data/training\Actor_24\24_01_01_02_dogs-sitting_neutral.wav,neutral
227,data/training\Actor_24\24_01_01_02_kids-talking_neutral.wav,neutral
228,data/training\Actor_24\24_02_01_01_dogs-sitting_neutral.wav,neutral
229,data/training\Actor_24\24_02_01_01_kids-talking_neutral.wav,neutral
230,data/training\Actor_24\24_02_01_02_dogs-sitting_neutral.wav,neutral
231,data/training\Actor_24\24_02_01_02_kids-talking_neutral.wav,neutral
232,data/training\Actor_25\25_01_01_01_fat_neutral.wav,neutral
233,data/training\Actor_25\25_01_01_01_gap_neutral.wav,neutral
234,data/training\Actor_25\25_01_01_01_gas_neutral.wav,neutral
235,data/training\Actor_25\25_01_01_01_knock_neutral.wav,neutral
236,data/training\Actor_25\25_01_01_01_learn_neutral.wav,neutral
237,data/training\Actor_25\25_01_01_01_lot_neutral.wav,neutral
238,data/training\Actor_25\25_01_01_01_met_neutral.wav,neutral
239,data/training\Actor_25\25_01_01_01_moon_neutral.wav,neutral
240,data/training\Actor_25\25_01_01_01_nag_neutral.wav,neutral
241,data/training\Actor_25\25_01_01_01_neat_neutral.wav,neutral
242,data/training\Actor_25\25_01_01_01_page_neutral.wav,neutral
243,data/training\Actor_25\25_01_01_01_perch_neutral.wav,neutral
244,data/training\Actor_25\25_01_01_01_pole_neutral.wav,neutral
245,data/training\Actor_25\25_01_01_01_road_neutral.wav,neutral
246,data/training\Actor_25\25_01_01_01_rot_neutral.wav,neutral
247,data/training\Actor_25\25_01_01_01_rough_neutral.wav,neutral
248,data/training\Actor_25\25_01_01_01_shirt_neutral.wav,neutral
249,data/training\Actor_25\25_01_01_01_shout_neutral.wav,neutral
250,data/training\Actor_25\25_01_01_01_soup_neutral.wav,neutral
251,data/training\Actor_25\25_01_01_01_sour_neutral.wav,neutral
252,data/training\Actor_25\25_01_01_01_tell_neutral.wav,neutral
253,data/training\Actor_25\25_01_01_01_tool_neutral.wav,neutral
254,data/training\Actor_25\25_01_01_01_turn_neutral.wav,neutral
255,data/training\Actor_25\25_01_01_01_vine_neutral.wav,neutral
256,data/training\Actor_25\25_01_01_01_wag_neutral.wav,neutral
257,data/training\Actor_25\25_01_01_01_yearn_neutral.wav,neutral
258,data/training\Actor_26\26_01_01_01_back_neutral.wav,neutral
259,data/training\Actor_26\26_01_01_01_bar_neutral.wav,neutral
260,data/training\Actor_26\26_01_01_01_base_neutral.wav,neutral
261,data/training\Actor_26\26_01_01_01_bath_neutral.wav,neutral
262,data/training\Actor_26\26_01_01_01_bean_neutral.wav,neutral
263,data/training\Actor_26\26_01_01_01_beg_neutral.wav,neutral
264,data/training\Actor_26\26_01_01_01_bite_neutral.wav,neutral
265,data/training\Actor_26\26_01_01_01_bone_neutral.wav,neutral
266,data/training\Actor_26\26_01_01_01_book_neutral.wav,neutral
267,data/training\Actor_26\26_01_01_01_bought_neutral.wav,neutral
268,data/training\Actor_26\26_01_01_01_burn_neutral.wav,neutral
269,data/training\Actor_26\26_01_01_01_cab_neutral.wav,neutral
270,data/training\Actor_26\26_01_01_01_came_neutral.wav,neutral
271,data/training\Actor_26\26_01_01_01_cause_neutral.wav,neutral
272,data/training\Actor_26\26_01_01_01_chain_neutral.wav,neutral
273,data/training\Actor_26\26_01_01_01_chair_neutral.wav,neutral
274,data/training\Actor_26\26_01_01_01_chalk_neutral.wav,neutral
275,data/training\Actor_26\26_01_01_01_chat_neutral.wav,neutral
276,data/training\Actor_26\26_01_01_01_choice_neutral.wav,neutral
277,data/training\Actor_26\26_01_01_01_death_neutral.wav,neutral
278,data/training\Actor_26\26_01_01_01_dime_neutral.wav,neutral
279,data/training\Actor_26\26_01_01_01_dip_neutral.wav,neutral
280,data/training\Actor_26\26_01_01_01_ditch_neutral.wav,neutral
281,data/training\Actor_26\26_01_01_01_dodge_neutral.wav,neutral
282,data/training\Actor_26\26_01_01_01_dog_neutral.wav,neutral
283,data/training\Actor_26\26_01_01_01_doll_neutral.wav,neutral
284,data/training\Actor_26\26_01_01_01_fail_neutral.wav,neutral
285,data/training\Actor_26\26_01_01_01_fall_neutral.wav,neutral
286,data/training\Actor_26\26_01_01_01_far_neutral.wav,neutral
287,data/training\Actor_26\26_01_01_01_fat_neutral.wav,neutral
288,data/training\Actor_26\26_01_01_01_fit_neutral.wav,neutral
289,data/training\Actor_26\26_01_01_01_five_neutral.wav,neutral
290,data/training\Actor_26\26_01_01_01_food_neutral.wav,neutral
291,data/training\Actor_26\26_01_01_01_gas_neutral.wav,neutral
292,data/training\Actor_26\26_01_01_01_germ_neutral.wav,neutral
293,data/training\Actor_26\26_01_01_01_gin_neutral.wav,neutral
294,data/training\Actor_26\26_01_01_01_goal_neutral.wav,neutral
295,data/training\Actor_26\26_01_01_01_good_neutral.wav,neutral
296,data/training\Actor_26\26_01_01_01_gun_neutral.wav,neutral
297,data/training\Actor_26\26_01_01_01_half_neutral.wav,neutral
298,data/training\Actor_26\26_01_01_01_hall_neutral.wav,neutral
299,data/training\Actor_26\26_01_01_01_hate_neutral.wav,neutral
300,data/training\Actor_26\26_01_01_01_haze_neutral.wav,neutral
301,data/training\Actor_26\26_01_01_01_hit_neutral.wav,neutral
302,data/training\Actor_26\26_01_01_01_hole_neutral.wav,neutral
303,data/training\Actor_26\26_01_01_01_home_neutral.wav,neutral
304,data/training\Actor_26\26_01_01_01_hush_neutral.wav,neutral
305,data/training\Actor_26\26_01_01_01_jail_neutral.wav,neutral
306,data/training\Actor_26\26_01_01_01_keep_neutral.wav,neutral
307,data/training\Actor_26\26_01_01_01_kick_neutral.wav,neutral
308,data/training\Actor_26\26_01_01_01_kill_neutral.wav,neutral
309,data/training\Actor_26\26_01_01_01_king_neutral.wav,neutral
310,data/training\Actor_26\26_01_01_01_knock_neutral.wav,neutral
311,data/training\Actor_26\26_01_01_01_late_neutral.wav,neutral
312,data/training\Actor_26\26_01_01_01_laud_neutral.wav,neutral
313,data/training\Actor_26\26_01_01_01_lean_neutral.wav,neutral
314,data/training\Actor_26\26_01_01_01_learn_neutral.wav,neutral
315,data/training\Actor_26\26_01_01_01_lease_neutral.wav,neutral
316,data/training\Actor_26\26_01_01_01_life_neutral.wav,neutral
317,data/training\Actor_26\26_01_01_01_live_neutral.wav,neutral
318,data/training\Actor_26\26_01_01_01_loaf_neutral.wav,neutral
319,data/training\Actor_26\26_01_01_01_long_neutral.wav,neutral
320,data/training\Actor_26\26_01_01_01_lore_neutral.wav,neutral
321,data/training\Actor_26\26_01_01_01_love_neutral.wav,neutral
322,data/training\Actor_26\26_01_01_01_luck_neutral.wav,neutral
323,data/training\Actor_26\26_01_01_01_match_neutral.wav,neutral
324,data/training\Actor_26\26_01_01_01_merge_neutral.wav,neutral
325,data/training\Actor_26\26_01_01_01_mess_neutral.wav,neutral
326,data/training\Actor_26\26_01_01_01_met_neutral.wav,neutral
327,data/training\Actor_26\26_01_01_01_mob_neutral.wav,neutral
328,data/training\Actor_26\26_01_01_01_mode_neutral.wav,neutral
329,data/training\Actor_26\26_01_01_01_moon_neutral.wav,neutral
330,data/training\Actor_26\26_01_01_01_mouse_neutral.wav,neutral
331,data/training\Actor_26\26_01_01_01_name_neutral.wav,neutral
332,data/training\Actor_26\26_01_01_01_neat_neutral.wav,neutral
333,data/training\Actor_26\26_01_01_01_nice_neutral.wav,neutral
334,data/training\Actor_26\26_01_01_01_note_neutral.wav,neutral
335,data/training\Actor_26\26_01_01_01_pad_neutral.wav,neutral
336,data/training\Actor_26\26_01_01_01_page_neutral.wav,neutral
337,data/training\Actor_26\26_01_01_01_pain_neutral.wav,neutral
338,data/training\Actor_26\26_01_01_01_pass_neutral.wav,neutral
339,data/training\Actor_26\26_01_01_01_pearl_neutral.wav,neutral
340,data/training\Actor_26\26_01_01_01_peg_neutral.wav,neutral
341,data/training\Actor_26\26_01_01_01_phone_neutral.wav,neutral
342,data/training\Actor_26\26_01_01_01_pick_neutral.wav,neutral
343,data/training\Actor_26\26_01_01_01_pike_neutral.wav,neutral
344,data/training\Actor_26\26_01_01_01_pole_neutral.wav,neutral
345,data/training\Actor_26\26_01_01_01_pool_neutral.wav,neutral
346,data/training\Actor_26\26_01_01_01_rain_neutral.wav,neutral
347,data/training\Actor_26\26_01_01_01_raise_neutral.wav,neutral
348,data/training\Actor_26\26_01_01_01_rat_neutral.wav,neutral
349,data/training\Actor_26\26_01_01_01_reach_neutral.wav,neutral
350,data/training\Actor_26\26_01_01_01_read_neutral.wav,neutral
351,data/training\Actor_26\26_01_01_01_red_neutral.wav,neutral
352,data/training\Actor_26\26_01_01_01_road_neutral.wav,neutral
353,data/training\Actor_26\26_01_01_01_room_neutral.wav,neutral
354,data/training\Actor_26\26_01_01_01_rose_neutral.wav,neutral
355,data/training\Actor_26\26_01_01_01_rough_neutral.wav,neutral
356,data/training\Actor_26\26_01_01_01_search_neutral.wav,neutral
357,data/training\Actor_26\26_01_01_01_seize_neutral.wav,neutral
358,data/training\Actor_26\26_01_01_01_sell_neutral.wav,neutral
359,data/training\Actor_26\26_01_01_01_shack_neutral.wav,neutral
360,data/training\Actor_26\26_01_01_01_sheep_neutral.wav,neutral
361,data/training\Actor_26\26_01_01_01_shirt_neutral.wav,neutral
362,data/training\Actor_26\26_01_01_01_shout_neutral.wav,neutral
363,data/training\Actor_26\26_01_01_01_soap_neutral.wav,neutral
364,data/training\Actor_26\26_01_01_01_soup_neutral.wav,neutral
365,data/training\Actor_26\26_01_01_01_sour_neutral.wav,neutral
366,data/training\Actor_26\26_01_01_01_south_neutral.wav,neutral
367,data/training\Actor_26\26_01_01_01_sub_neutral.wav,neutral
368,data/training\Actor_26\26_01_01_01_talk_neutral.wav,neutral
369,data/training\Actor_26\26_01_01_01_tape_neutral.wav,neutral
370,data/training\Actor_26\26_01_01_01_tell_neutral.wav,neutral
371,data/training\Actor_26\26_01_01_01_third_neutral.wav,neutral
372,data/training\Actor_26\26_01_01_01_thought_neutral.wav,neutral
373,data/training\Actor_26\26_01_01_01_tip_neutral.wav,neutral
374,data/training\Actor_26\26_01_01_01_tire_neutral.wav,neutral
375,data/training\Actor_26\26_01_01_01_tool_neutral.wav,neutral
376,data/training\Actor_26\26_01_01_01_turn_neutral.wav,neutral
377,data/training\Actor_26\26_01_01_01_voice_neutral.wav,neutral
378,data/training\Actor_26\26_01_01_01_void_neutral.wav,neutral
379,data/training\Actor_26\26_01_01_01_wag_neutral.wav,neutral
380,data/training\Actor_26\26_01_01_01_walk_neutral.wav,neutral
381,data/training\Actor_26\26_01_01_01_week_neutral.wav,neutral
382,data/training\Actor_26\26_01_01_01_wheat_neutral.wav,neutral
383,data/training\Actor_26\26_01_01_01_when_neutral.wav,neutral
384,data/training\Actor_26\26_01_01_01_which_neutral.wav,neutral
385,data/training\Actor_26\26_01_01_01_whip_neutral.wav,neutral
386,data/training\Actor_26\26_01_01_01_white_neutral.wav,neutral
387,data/training\Actor_26\26_01_01_01_wife_neutral.wav,neutral
388,data/training\Actor_26\26_01_01_01_witch_neutral.wav,neutral
389,data/training\Actor_26\26_01_01_01_yearn_neutral.wav,neutral
390,data/training\Actor_26\26_01_01_01_yes_neutral.wav,neutral
391,data/training\Actor_26\26_01_01_01_young_neutral.wav,neutral
392,data/training\Actor_01\01_01_01_01_kids-talking_happy.wav,happy
393,data/training\Actor_01\01_01_01_02_dogs-sitting_happy.wav,happy
394,data/training\Actor_01\01_01_01_02_kids-talking_happy.wav,happy
395,data/training\Actor_01\01_01_02_01_dogs-sitting_happy.wav,happy
396,data/training\Actor_01\01_01_02_01_kids-talking_happy.wav,happy
397,data/training\Actor_01\01_01_02_02_dogs-sitting_happy.wav,happy
398,data/training\Actor_01\01_01_02_02_kids-talking_happy.wav,happy
399,data/training\Actor_01\01_02_01_01_dogs-sitting_happy.wav,happy
400,data/training\Actor_01\01_02_01_01_kids-talking_happy.wav,happy
401,data/training\Actor_01\01_02_01_02_dogs-sitting_happy.wav,happy
402,data/training\Actor_01\01_02_01_02_kids-talking_happy.wav,happy
403,data/training\Actor_01\01_02_02_01_dogs-sitting_happy.wav,happy
404,data/training\Actor_01\01_02_02_01_kids-talking_happy.wav,happy
405,data/training\Actor_01\01_02_02_02_dogs-sitting_happy.wav,happy
406,data/training\Actor_01\01_02_02_02_kids-talking_happy.wav,happy
407,data/training\Actor_01\03-02-03-01-01-01-01_happy.wav,happy
408,data/training\Actor_01\03-02-03-01-01-02-01_happy.wav,happy
409,data/training\Actor_01\03-02-03-01-02-01-01_happy.wav,happy
410,data/training\Actor_01\03-02-03-01-02-02-01_happy.wav,happy
411,data/training\Actor_01\03-02-03-02-01-01-01_happy.wav,happy
412,data/training\Actor_01\03-02-03-02-01-02-01_happy.wav,happy
413,data/training\Actor_01\03-02-03-02-02-01-01_happy.wav,happy
414,data/training\Actor_01\03-02-03-02-02-02-01_happy.wav,happy
415,data/training\Actor_02\02_01_01_01_dogs-sitting_happy.wav,happy
416,data/training\Actor_02\02_01_01_01_kids-talking_happy.wav,happy
417,data/training\Actor_02\02_01_01_02_dogs-sitting_happy.wav,happy
418,data/training\Actor_02\02_01_01_02_kids-talking_happy.wav,happy
419,data/training\Actor_02\02_01_02_01_dogs-sitting_happy.wav,happy
420,data/training\Actor_02\02_01_02_01_kids-talking_happy.wav,happy
421,data/training\Actor_02\02_01_02_02_dogs-sitting_happy.wav,happy
422,data/training\Actor_02\02_01_02_02_kids-talking_happy.wav,happy
423,data/training\Actor_02\02_02_01_01_dogs-sitting_happy.wav,happy
424,data/training\Actor_02\02_02_01_01_kids-talking_happy.wav,happy
425,data/training\Actor_02\02_02_01_02_dogs-sitting_happy.wav,happy
426,data/training\Actor_02\02_02_01_02_kids-talking_happy.wav,happy
427,data/training\Actor_02\02_02_02_01_dogs-sitting_happy.wav,happy
428,data/training\Actor_02\02_02_02_01_kids-talking_happy.wav,happy
429,data/training\Actor_02\02_02_02_02_dogs-sitting_happy.wav,happy
430,data/training\Actor_02\02_02_02_02_kids-talking_happy.wav,happy
431,data/training\Actor_02\03-02-03-01-01-01-02_happy.wav,happy
432,data/training\Actor_02\03-02-03-01-01-02-02_happy.wav,happy
433,data/training\Actor_02\03-02-03-01-02-01-02_happy.wav,happy
434,data/training\Actor_02\03-02-03-01-02-02-02_happy.wav,happy
435,data/training\Actor_02\03-02-03-02-01-01-02_happy.wav,happy
436,data/training\Actor_02\03-02-03-02-01-02-02_happy.wav,happy
437,data/training\Actor_02\03-02-03-02-02-01-02_happy.wav,happy
438,data/training\Actor_02\03-02-03-02-02-02-02_happy.wav,happy
439,data/training\Actor_03\03-02-03-01-01-01-03_happy.wav,happy
440,data/training\Actor_03\03-02-03-01-01-02-03_happy.wav,happy
441,data/training\Actor_03\03-02-03-01-02-01-03_happy.wav,happy
442,data/training\Actor_03\03-02-03-01-02-02-03_happy.wav,happy
443,data/training\Actor_03\03-02-03-02-01-01-03_happy.wav,happy
444,data/training\Actor_03\03-02-03-02-01-02-03_happy.wav,happy
445,data/training\Actor_03\03-02-03-02-02-01-03_happy.wav,happy
446,data/training\Actor_03\03-02-03-02-02-02-03_happy.wav,happy
447,data/training\Actor_03\03_01_01_01_dogs-sitting_happy.wav,happy
448,data/training\Actor_03\03_01_01_01_kids-talking_happy.wav,happy
449,data/training\Actor_03\03_01_01_02_dogs-sitting_happy.wav,happy
450,data/training\Actor_03\03_01_01_02_kids-talking_happy.wav,happy
451,data/training\Actor_03\03_01_02_01_dogs-sitting_happy.wav,happy
452,data/training\Actor_03\03_01_02_01_kids-talking_happy.wav,happy
453,data/training\Actor_03\03_01_02_02_dogs-sitting_happy.wav,happy
454,data/training\Actor_03\03_01_02_02_kids-talking_happy.wav,happy
455,data/training\Actor_03\03_02_01_01_dogs-sitting_happy.wav,happy
456,data/training\Actor_03\03_02_01_01_kids-talking_happy.wav,happy
457,data/training\Actor_03\03_02_01_02_dogs-sitting_happy.wav,happy
458,data/training\Actor_03\03_02_01_02_kids-talking_happy.wav,happy
459,data/training\Actor_03\03_02_02_01_dogs-sitting_happy.wav,happy
460,data/training\Actor_03\03_02_02_01_kids-talking_happy.wav,happy
461,data/training\Actor_03\03_02_02_02_dogs-sitting_happy.wav,happy
462,data/training\Actor_03\03_02_02_02_kids-talking_happy.wav,happy
463,data/training\Actor_04\03-02-03-01-01-01-04_happy.wav,happy
464,data/training\Actor_04\03-02-03-01-01-02-04_happy.wav,happy
465,data/training\Actor_04\03-02-03-01-02-01-04_happy.wav,happy
466,data/training\Actor_04\03-02-03-01-02-02-04_happy.wav,happy
467,data/training\Actor_04\03-02-03-02-01-01-04_happy.wav,happy
468,data/training\Actor_04\03-02-03-02-01-02-04_happy.wav,happy
469,data/training\Actor_04\03-02-03-02-02-01-04_happy.wav,happy
470,data/training\Actor_04\03-02-03-02-02-02-04_happy.wav,happy
471,data/training\Actor_04\04_01_01_01_dogs-sitting_happy.wav,happy
472,data/training\Actor_04\04_01_01_01_kids-talking_happy.wav,happy
473,data/training\Actor_04\04_01_01_02_dogs-sitting_happy.wav,happy
474,data/training\Actor_04\04_01_01_02_kids-talking_happy.wav,happy
475,data/training\Actor_04\04_01_02_01_dogs-sitting_happy.wav,happy
476,data/training\Actor_04\04_01_02_01_kids-talking_happy.wav,happy
477,data/training\Actor_04\04_01_02_02_dogs-sitting_happy.wav,happy
478,data/training\Actor_04\04_01_02_02_kids-talking_happy.wav,happy
479,data/training\Actor_04\04_02_01_01_dogs-sitting_happy.wav,happy
480,data/training\Actor_04\04_02_01_01_kids-talking_happy.wav,happy
481,data/training\Actor_04\04_02_01_02_dogs-sitting_happy.wav,happy
482,data/training\Actor_04\04_02_01_02_kids-talking_happy.wav,happy
483,data/training\Actor_04\04_02_02_01_dogs-sitting_happy.wav,happy
484,data/training\Actor_04\04_02_02_01_kids-talking_happy.wav,happy
485,data/training\Actor_04\04_02_02_02_dogs-sitting_happy.wav,happy
486,data/training\Actor_04\04_02_02_02_kids-talking_happy.wav,happy
487,data/training\Actor_05\03-02-03-01-01-01-05_happy.wav,happy
488,data/training\Actor_05\03-02-03-01-01-02-05_happy.wav,happy
489,data/training\Actor_05\03-02-03-01-02-01-05_happy.wav,happy
490,data/training\Actor_05\03-02-03-01-02-02-05_happy.wav,happy
491,data/training\Actor_05\03-02-03-02-01-01-05_happy.wav,happy
492,data/training\Actor_05\03-02-03-02-01-02-05_happy.wav,happy
493,data/training\Actor_05\03-02-03-02-02-01-05_happy.wav,happy
494,data/training\Actor_05\03-02-03-02-02-02-05_happy.wav,happy
495,data/training\Actor_05\05_01_02_01_dogs-sitting_happy.wav,happy
496,data/training\Actor_05\05_01_02_01_kids-talking_happy.wav,happy
497,data/training\Actor_05\05_01_02_02_dogs-sitting_happy.wav,happy
498,data/training\Actor_05\05_01_02_02_kids-talking_happy.wav,happy
499,data/training\Actor_05\05_02_01_01_dogs-sitting_happy.wav,happy
500,data/training\Actor_05\05_02_01_01_kids-talking_happy.wav,happy
501,data/training\Actor_05\05_02_01_02_dogs-sitting_happy.wav,happy
502,data/training\Actor_05\05_02_01_02_kids-talking_happy.wav,happy
503,data/training\Actor_05\05_02_02_01_dogs-sitting_happy.wav,happy
504,data/training\Actor_05\05_02_02_01_kids-talking_happy.wav,happy
505,data/training\Actor_05\05_02_02_02_dogs-sitting_happy.wav,happy
506,data/training\Actor_05\05_02_02_02_kids-talking_happy.wav,happy
507,data/training\Actor_06\03-02-03-01-01-01-06_happy.wav,happy
508,data/training\Actor_06\03-02-03-01-01-02-06_happy.wav,happy
509,data/training\Actor_06\03-02-03-01-02-01-06_happy.wav,happy
510,data/training\Actor_06\03-02-03-01-02-02-06_happy.wav,happy
511,data/training\Actor_06\03-02-03-02-01-01-06_happy.wav,happy
512,data/training\Actor_06\03-02-03-02-01-02-06_happy.wav,happy
513,data/training\Actor_06\03-02-03-02-02-01-06_happy.wav,happy
514,data/training\Actor_06\03-02-03-02-02-02-06_happy.wav,happy
515,data/training\Actor_06\06_01_01_01_dogs-sitting_happy.wav,happy
516,data/training\Actor_06\06_01_01_01_kids-talking_happy.wav,happy
517,data/training\Actor_06\06_01_01_02_kids-talking_happy.wav,happy
518,data/training\Actor_06\06_01_02_01_dogs-sitting_happy.wav,happy
519,data/training\Actor_06\06_01_02_01_kids-talking_happy.wav,happy
520,data/training\Actor_06\06_01_02_02_dogs-sitting_happy.wav,happy
521,data/training\Actor_06\06_01_02_02_kids-talking_happy.wav,happy
522,data/training\Actor_06\06_02_01_01_dogs-sitting_happy.wav,happy
523,data/training\Actor_06\06_02_01_01_kids-talking_happy.wav,happy
524,data/training\Actor_06\06_02_01_02_dogs-sitting_happy.wav,happy
525,data/training\Actor_06\06_02_01_02_kids-talking_happy.wav,happy
526,data/training\Actor_06\06_02_02_01_dogs-sitting_happy.wav,happy
527,data/training\Actor_06\06_02_02_01_kids-talking_happy.wav,happy
528,data/training\Actor_06\06_02_02_02_dogs-sitting_happy.wav,happy
529,data/training\Actor_06\06_02_02_02_kids-talking_happy.wav,happy
530,data/training\Actor_07\07_01_01_01_dogs-sitting_happy.wav,happy
531,data/training\Actor_07\07_01_01_01_kids-talking_happy.wav,happy
532,data/training\Actor_07\07_01_01_02_dogs-sitting_happy.wav,happy
533,data/training\Actor_07\07_01_01_02_kids-talking_happy.wav,happy
534,data/training\Actor_07\07_01_02_01_dogs-sitting_happy.wav,happy
535,data/training\Actor_07\07_01_02_01_kids-talking_happy.wav,happy
536,data/training\Actor_07\07_01_02_02_dogs-sitting_happy.wav,happy
537,data/training\Actor_07\07_01_02_02_kids-talking_happy.wav,happy
538,data/training\Actor_07\07_02_01_01_dogs-sitting_happy.wav,happy
539,data/training\Actor_07\07_02_01_01_kids-talking_happy.wav,happy
540,data/training\Actor_07\07_02_01_02_dogs-sitting_happy.wav,happy
541,data/training\Actor_07\07_02_01_02_kids-talking_happy.wav,happy
542,data/training\Actor_07\07_02_02_01_dogs-sitting_happy.wav,happy
543,data/training\Actor_07\07_02_02_01_kids-talking_happy.wav,happy
544,data/training\Actor_07\07_02_02_02_dogs-sitting_happy.wav,happy
545,data/training\Actor_07\07_02_02_02_kids-talking_happy.wav,happy
546,data/training\Actor_08\08_01_01_01_dogs-sitting_happy.wav,happy
547,data/training\Actor_08\08_01_01_01_kids-talking_happy.wav,happy
548,data/training\Actor_08\08_01_01_02_dogs-sitting_happy.wav,happy
549,data/training\Actor_08\08_01_01_02_kids-talking_happy.wav,happy
550,data/training\Actor_08\08_01_02_01_dogs-sitting_happy.wav,happy
551,data/training\Actor_08\08_01_02_01_kids-talking_happy.wav,happy
552,data/training\Actor_08\08_01_02_02_dogs-sitting_happy.wav,happy
553,data/training\Actor_08\08_01_02_02_kids-talking_happy.wav,happy
554,data/training\Actor_08\08_02_01_01_dogs-sitting_happy.wav,happy
555,data/training\Actor_08\08_02_01_01_kids-talking_happy.wav,happy
556,data/training\Actor_08\08_02_01_02_dogs-sitting_happy.wav,happy
557,data/training\Actor_08\08_02_01_02_kids-talking_happy.wav,happy
558,data/training\Actor_08\08_02_02_01_dogs-sitting_happy.wav,happy
559,data/training\Actor_08\08_02_02_01_kids-talking_happy.wav,happy
560,data/training\Actor_08\08_02_02_02_dogs-sitting_happy.wav,happy
561,data/training\Actor_08\08_02_02_02_kids-talking_happy.wav,happy
562,data/training\Actor_09\09_01_01_01_dogs-sitting_happy.wav,happy
563,data/training\Actor_09\09_01_01_01_kids-talking_happy.wav,happy
564,data/training\Actor_09\09_01_01_02_dogs-sitting_happy.wav,happy
565,data/training\Actor_09\09_01_01_02_kids-talking_happy.wav,happy
566,data/training\Actor_09\09_01_02_01_dogs-sitting_happy.wav,happy
567,data/training\Actor_09\09_01_02_01_kids-talking_happy.wav,happy
568,data/training\Actor_09\09_01_02_02_dogs-sitting_happy.wav,happy
569,data/training\Actor_09\09_01_02_02_kids-talking_happy.wav,happy
570,data/training\Actor_09\09_02_01_01_dogs-sitting_happy.wav,happy
571,data/training\Actor_09\09_02_01_01_kids-talking_happy.wav,happy
572,data/training\Actor_09\09_02_01_02_dogs-sitting_happy.wav,happy
573,data/training\Actor_09\09_02_01_02_kids-talking_happy.wav,happy
574,data/training\Actor_09\09_02_02_01_dogs-sitting_happy.wav,happy
575,data/training\Actor_09\09_02_02_01_kids-talking_happy.wav,happy
576,data/training\Actor_09\09_02_02_02_dogs-sitting_happy.wav,happy
577,data/training\Actor_09\09_02_02_02_kids-talking_happy.wav,happy
578,data/training\Actor_10\10_01_01_01_dogs-sitting_happy.wav,happy
579,data/training\Actor_10\10_01_01_01_kids-talking_happy.wav,happy
580,data/training\Actor_10\10_01_01_02_dogs-sitting_happy.wav,happy
581,data/training\Actor_10\10_01_01_02_kids-talking_happy.wav,happy
582,data/training\Actor_10\10_01_02_01_dogs-sitting_happy.wav,happy
583,data/training\Actor_10\10_01_02_01_kids-talking_happy.wav,happy
584,data/training\Actor_10\10_01_02_02_dogs-sitting_happy.wav,happy
585,data/training\Actor_10\10_01_02_02_kids-talking_happy.wav,happy
586,data/training\Actor_10\10_02_01_01_dogs-sitting_happy.wav,happy
587,data/training\Actor_10\10_02_01_01_kids-talking_happy.wav,happy
588,data/training\Actor_10\10_02_01_02_dogs-sitting_happy.wav,happy
589,data/training\Actor_10\10_02_01_02_kids-talking_happy.wav,happy
590,data/training\Actor_10\10_02_02_01_dogs-sitting_happy.wav,happy
591,data/training\Actor_10\10_02_02_01_kids-talking_happy.wav,happy
592,data/training\Actor_10\10_02_02_02_dogs-sitting_happy.wav,happy
593,data/training\Actor_10\10_02_02_02_kids-talking_happy.wav,happy
594,data/training\Actor_11\03-02-03-01-01-01-11_happy.wav,happy
595,data/training\Actor_11\03-02-03-01-01-02-11_happy.wav,happy
596,data/training\Actor_11\03-02-03-01-02-01-11_happy.wav,happy
597,data/training\Actor_11\03-02-03-01-02-02-11_happy.wav,happy
598,data/training\Actor_11\03-02-03-02-01-01-11_happy.wav,happy
599,data/training\Actor_11\03-02-03-02-01-02-11_happy.wav,happy
600,data/training\Actor_11\03-02-03-02-02-01-11_happy.wav,happy
601,data/training\Actor_11\03-02-03-02-02-02-11_happy.wav,happy
602,data/training\Actor_11\11_01_01_01_dogs-sitting_happy.wav,happy
603,data/training\Actor_11\11_01_01_01_kids-talking_happy.wav,happy
604,data/training\Actor_11\11_01_01_02_dogs-sitting_happy.wav,happy
605,data/training\Actor_11\11_01_01_02_kids-talking_happy.wav,happy
606,data/training\Actor_11\11_01_02_01_dogs-sitting_happy.wav,happy
607,data/training\Actor_11\11_01_02_01_kids-talking_happy.wav,happy
608,data/training\Actor_11\11_01_02_02_dogs-sitting_happy.wav,happy
609,data/training\Actor_11\11_01_02_02_kids-talking_happy.wav,happy
610,data/training\Actor_11\11_02_01_01_dogs-sitting_happy.wav,happy
611,data/training\Actor_11\11_02_01_01_kids-talking_happy.wav,happy
612,data/training\Actor_11\11_02_01_02_dogs-sitting_happy.wav,happy
613,data/training\Actor_11\11_02_01_02_kids-talking_happy.wav,happy
614,data/training\Actor_11\11_02_02_01_dogs-sitting_happy.wav,happy
615,data/training\Actor_11\11_02_02_01_kids-talking_happy.wav,happy
616,data/training\Actor_11\11_02_02_02_dogs-sitting_happy.wav,happy
617,data/training\Actor_11\11_02_02_02_kids-talking_happy.wav,happy
618,data/training\Actor_12\03-02-03-01-01-01-12_happy.wav,happy
619,data/training\Actor_12\03-02-03-01-01-02-12_happy.wav,happy
620,data/training\Actor_12\03-02-03-01-02-01-12_happy.wav,happy
621,data/training\Actor_12\03-02-03-01-02-02-12_happy.wav,happy
622,data/training\Actor_12\03-02-03-02-01-01-12_happy.wav,happy
623,data/training\Actor_12\03-02-03-02-01-02-12_happy.wav,happy
624,data/training\Actor_12\03-02-03-02-02-01-12_happy.wav,happy
625,data/training\Actor_12\03-02-03-02-02-02-12_happy.wav,happy
626,data/training\Actor_12\12_01_01_01_dogs-sitting_happy.wav,happy
627,data/training\Actor_12\12_01_01_01_kids-talking_happy.wav,happy
628,data/training\Actor_12\12_01_01_02_dogs-sitting_happy.wav,happy
629,data/training\Actor_12\12_01_01_02_kids-talking_happy.wav,happy
630,data/training\Actor_12\12_01_02_01_dogs-sitting_happy.wav,happy
631,data/training\Actor_12\12_01_02_01_kids-talking_happy.wav,happy
632,data/training\Actor_12\12_01_02_02_dogs-sitting_happy.wav,happy
633,data/training\Actor_12\12_01_02_02_kids-talking_happy.wav,happy
634,data/training\Actor_12\12_02_01_01_dogs-sitting_happy.wav,happy
635,data/training\Actor_12\12_02_01_01_kids-talking_happy.wav,happy
636,data/training\Actor_12\12_02_01_02_dogs-sitting_happy.wav,happy
637,data/training\Actor_12\12_02_01_02_kids-talking_happy.wav,happy
638,data/training\Actor_12\12_02_02_01_dogs-sitting_happy.wav,happy
639,data/training\Actor_12\12_02_02_01_kids-talking_happy.wav,happy
640,data/training\Actor_12\12_02_02_02_dogs-sitting_happy.wav,happy
641,data/training\Actor_12\12_02_02_02_kids-talking_happy.wav,happy
642,data/training\Actor_13\03-02-03-01-01-01-13_happy.wav,happy
643,data/training\Actor_13\03-02-03-01-01-02-13_happy.wav,happy
644,data/training\Actor_13\03-02-03-01-02-01-13_happy.wav,happy
645,data/training\Actor_13\03-02-03-01-02-02-13_happy.wav,happy
646,data/training\Actor_13\03-02-03-02-01-01-13_happy.wav,happy
647,data/training\Actor_13\03-02-03-02-01-02-13_happy.wav,happy
648,data/training\Actor_13\03-02-03-02-02-01-13_happy.wav,happy
649,data/training\Actor_13\03-02-03-02-02-02-13_happy.wav,happy
650,data/training\Actor_13\13_01_01_01_dogs-sitting_happy.wav,happy
651,data/training\Actor_13\13_01_01_01_kids-talking_happy.wav,happy
652,data/training\Actor_13\13_01_01_02_dogs-sitting_happy.wav,happy
653,data/training\Actor_13\13_01_01_02_kids-talking_happy.wav,happy
654,data/training\Actor_13\13_01_02_01_dogs-sitting_happy.wav,happy
655,data/training\Actor_13\13_01_02_01_kids-talking_happy.wav,happy
656,data/training\Actor_13\13_01_02_02_dogs-sitting_happy.wav,happy
657,data/training\Actor_13\13_01_02_02_kids-talking_happy.wav,happy
658,data/training\Actor_13\13_02_01_01_dogs-sitting_happy.wav,happy
659,data/training\Actor_13\13_02_01_01_kids-talking_happy.wav,happy
660,data/training\Actor_13\13_02_01_02_dogs-sitting_happy.wav,happy
661,data/training\Actor_13\13_02_01_02_kids-talking_happy.wav,happy
662,data/training\Actor_13\13_02_02_01_dogs-sitting_happy.wav,happy
663,data/training\Actor_13\13_02_02_01_kids-talking_happy.wav,happy
664,data/training\Actor_13\13_02_02_02_dogs-sitting_happy.wav,happy
665,data/training\Actor_13\13_02_02_02_kids-talking_happy.wav,happy
666,data/training\Actor_14\03-02-03-01-01-01-14_happy.wav,happy
667,data/training\Actor_14\03-02-03-01-01-02-14_happy.wav,happy
668,data/training\Actor_14\03-02-03-01-02-01-14_happy.wav,happy
669,data/training\Actor_14\03-02-03-01-02-02-14_happy.wav,happy
670,data/training\Actor_14\03-02-03-02-01-01-14_happy.wav,happy
671,data/training\Actor_14\03-02-03-02-01-02-14_happy.wav,happy
672,data/training\Actor_14\03-02-03-02-02-01-14_happy.wav,happy
673,data/training\Actor_14\03-02-03-02-02-02-14_happy.wav,happy
674,data/training\Actor_14\14_02_01_01_dogs-sitting_happy.wav,happy
675,data/training\Actor_14\14_02_01_01_kids-talking_happy.wav,happy
676,data/training\Actor_14\14_02_01_02_dogs-sitting_happy.wav,happy
677,data/training\Actor_14\14_02_01_02_kids-talking_happy.wav,happy
678,data/training\Actor_14\14_02_02_01_dogs-sitting_happy.wav,happy
679,data/training\Actor_14\14_02_02_01_kids-talking_happy.wav,happy
680,data/training\Actor_14\14_02_02_02_dogs-sitting_happy.wav,happy
681,data/training\Actor_14\14_02_02_02_kids-talking_happy.wav,happy
682,data/training\Actor_15\03-02-03-01-01-01-15_happy.wav,happy
683,data/training\Actor_15\03-02-03-01-01-02-15_happy.wav,happy
684,data/training\Actor_15\03-02-03-01-02-01-15_happy.wav,happy
685,data/training\Actor_15\03-02-03-01-02-02-15_happy.wav,happy
686,data/training\Actor_15\03-02-03-02-01-01-15_happy.wav,happy
687,data/training\Actor_15\03-02-03-02-01-02-15_happy.wav,happy
688,data/training\Actor_15\03-02-03-02-02-01-15_happy.wav,happy
689,data/training\Actor_15\03-02-03-02-02-02-15_happy.wav,happy
690,data/training\Actor_15\15_02_01_01_dogs-sitting_happy.wav,happy
691,data/training\Actor_15\15_02_01_01_kids-talking_happy.wav,happy
692,data/training\Actor_15\15_02_01_02_dogs-sitting_happy.wav,happy
693,data/training\Actor_15\15_02_01_02_kids-talking_happy.wav,happy
694,data/training\Actor_15\15_02_02_01_dogs-sitting_happy.wav,happy
695,data/training\Actor_15\15_02_02_01_kids-talking_happy.wav,happy
696,data/training\Actor_15\15_02_02_02_dogs-sitting_happy.wav,happy
697,data/training\Actor_15\15_02_02_02_kids-talking_happy.wav,happy
698,data/training\Actor_16\03-02-03-01-01-01-16_happy.wav,happy
699,data/training\Actor_16\03-02-03-01-01-02-16_happy.wav,happy
700,data/training\Actor_16\03-02-03-01-02-01-16_happy.wav,happy
701,data/training\Actor_16\03-02-03-01-02-02-16_happy.wav,happy
702,data/training\Actor_16\03-02-03-02-01-01-16_happy.wav,happy
703,data/training\Actor_16\03-02-03-02-01-02-16_happy.wav,happy
704,data/training\Actor_16\03-02-03-02-02-01-16_happy.wav,happy
705,data/training\Actor_16\03-02-03-02-02-02-16_happy.wav,happy
706,data/training\Actor_16\16_02_01_01_dogs-sitting_happy.wav,happy
707,data/training\Actor_16\16_02_01_01_kids-talking_happy.wav,happy
708,data/training\Actor_16\16_02_01_02_dogs-sitting_happy.wav,happy
709,data/training\Actor_16\16_02_01_02_kids-talking_happy.wav,happy
710,data/training\Actor_16\16_02_02_01_dogs-sitting_happy.wav,happy
711,data/training\Actor_16\16_02_02_01_kids-talking_happy.wav,happy
712,data/training\Actor_16\16_02_02_02_dogs-sitting_happy.wav,happy
713,data/training\Actor_16\16_02_02_02_kids-talking_happy.wav,happy
714,data/training\Actor_17\03-02-03-01-01-01-17_happy.wav,happy
715,data/training\Actor_17\03-02-03-01-01-02-17_happy.wav,happy
716,data/training\Actor_17\03-02-03-01-02-01-17_happy.wav,happy
717,data/training\Actor_17\03-02-03-01-02-02-17_happy.wav,happy
718,data/training\Actor_17\03-02-03-02-01-01-17_happy.wav,happy
719,data/training\Actor_17\03-02-03-02-01-02-17_happy.wav,happy
720,data/training\Actor_17\03-02-03-02-02-01-17_happy.wav,happy
721,data/training\Actor_17\03-02-03-02-02-02-17_happy.wav,happy
722,data/training\Actor_17\17_02_01_01_dogs-sitting_happy.wav,happy
723,data/training\Actor_17\17_02_01_01_kids-talking_happy.wav,happy
724,data/training\Actor_17\17_02_01_02_dogs-sitting_happy.wav,happy
725,data/training\Actor_17\17_02_01_02_kids-talking_happy.wav,happy
726,data/training\Actor_17\17_02_02_01_dogs-sitting_happy.wav,happy
727,data/training\Actor_17\17_02_02_01_kids-talking_happy.wav,happy
728,data/training\Actor_17\17_02_02_02_dogs-sitting_happy.wav,happy
729,data/training\Actor_17\17_02_02_02_kids-talking_happy.wav,happy
730,data/training\Actor_18\18_01_01_01_dogs-sitting_happy.wav,happy
731,data/training\Actor_18\18_01_01_01_kids-talking_happy.wav,happy
732,data/training\Actor_18\18_01_01_02_dogs-sitting_happy.wav,happy
733,data/training\Actor_18\18_01_01_02_kids-talking_happy.wav,happy
734,data/training\Actor_18\18_01_02_01_dogs-sitting_happy.wav,happy
735,data/training\Actor_18\18_01_02_01_kids-talking_happy.wav,happy
736,data/training\Actor_18\18_01_02_02_dogs-sitting_happy.wav,happy
737,data/training\Actor_18\18_01_02_02_kids-talking_happy.wav,happy
738,data/training\Actor_19\03-02-03-01-01-01-19_happy.wav,happy
739,data/training\Actor_19\03-02-03-01-01-02-19_happy.wav,happy
740,data/training\Actor_19\03-02-03-01-02-01-19_happy.wav,happy
741,data/training\Actor_19\03-02-03-01-02-02-19_happy.wav,happy
742,data/training\Actor_19\03-02-03-02-01-01-19_happy.wav,happy
743,data/training\Actor_19\03-02-03-02-01-02-19_happy.wav,happy
744,data/training\Actor_19\03-02-03-02-02-01-19_happy.wav,happy
745,data/training\Actor_19\03-02-03-02-02-02-19_happy.wav,happy
746,data/training\Actor_19\19_01_01_01_dogs-sitting_happy.wav,happy
747,data/training\Actor_19\19_01_01_01_kids-talking_happy.wav,happy
748,data/training\Actor_19\19_01_01_02_dogs-sitting_happy.wav,happy
749,data/training\Actor_19\19_01_01_02_kids-talking_happy.wav,happy
750,data/training\Actor_19\19_01_02_01_dogs-sitting_happy.wav,happy
751,data/training\Actor_19\19_01_02_01_kids-talking_happy.wav,happy
752,data/training\Actor_19\19_01_02_02_dogs-sitting_happy.wav,happy
753,data/training\Actor_19\19_01_02_02_kids-talking_happy.wav,happy
754,data/training\Actor_19\19_02_01_01_dogs-sitting_happy.wav,happy
755,data/training\Actor_19\19_02_01_01_kids-talking_happy.wav,happy
756,data/training\Actor_19\19_02_01_02_dogs-sitting_happy.wav,happy
757,data/training\Actor_19\19_02_01_02_kids-talking_happy.wav,happy
758,data/training\Actor_19\19_02_02_01_dogs-sitting_happy.wav,happy
759,data/training\Actor_19\19_02_02_01_kids-talking_happy.wav,happy
760,data/training\Actor_19\19_02_02_02_dogs-sitting_happy.wav,happy
761,data/training\Actor_19\19_02_02_02_kids-talking_happy.wav,happy
762,data/training\Actor_20\03-02-03-01-01-01-20_happy.wav,happy
763,data/training\Actor_20\03-02-03-01-01-02-20_happy.wav,happy
764,data/training\Actor_20\03-02-03-01-02-01-20_happy.wav,happy
765,data/training\Actor_20\03-02-03-01-02-02-20_happy.wav,happy
766,data/training\Actor_20\03-02-03-02-01-01-20_happy.wav,happy
767,data/training\Actor_20\03-02-03-02-01-02-20_happy.wav,happy
768,data/training\Actor_20\03-02-03-02-02-01-20_happy.wav,happy
769,data/training\Actor_20\03-02-03-02-02-02-20_happy.wav,happy
770,data/training\Actor_20\20_01_01_01_dogs-sitting_happy.wav,happy
771,data/training\Actor_20\20_01_01_01_kids-talking_happy.wav,happy
772,data/training\Actor_20\20_01_01_02_dogs-sitting_happy.wav,happy
773,data/training\Actor_20\20_01_01_02_kids-talking_happy.wav,happy
774,data/training\Actor_20\20_01_02_01_dogs-sitting_happy.wav,happy
775,data/training\Actor_20\20_01_02_01_kids-talking_happy.wav,happy
776,data/training\Actor_20\20_01_02_02_dogs-sitting_happy.wav,happy
777,data/training\Actor_20\20_01_02_02_kids-talking_happy.wav,happy
778,data/training\Actor_21\03-02-03-01-01-01-21_happy.wav,happy
779,data/training\Actor_21\03-02-03-01-01-02-21_happy.wav,happy
780,data/training\Actor_21\03-02-03-01-02-01-21_happy.wav,happy
781,data/training\Actor_21\03-02-03-01-02-02-21_happy.wav,happy
782,data/training\Actor_21\03-02-03-02-01-01-21_happy.wav,happy
783,data/training\Actor_21\03-02-03-02-01-02-21_happy.wav,happy
784,data/training\Actor_21\03-02-03-02-02-01-21_happy.wav,happy
785,data/training\Actor_21\03-02-03-02-02-02-21_happy.wav,happy
786,data/training\Actor_21\21_01_01_01_dogs-sitting_happy.wav,happy
787,data/training\Actor_21\21_01_01_01_kids-talking_happy.wav,happy
788,data/training\Actor_21\21_01_01_02_dogs-sitting_happy.wav,happy
789,data/training\Actor_21\21_01_01_02_kids-talking_happy.wav,happy
790,data/training\Actor_21\21_01_02_01_dogs-sitting_happy.wav,happy
791,data/training\Actor_21\21_01_02_01_kids-talking_happy.wav,happy
792,data/training\Actor_21\21_01_02_02_dogs-sitting_happy.wav,happy
793,data/training\Actor_21\21_01_02_02_kids-talking_happy.wav,happy
794,data/training\Actor_22\03-02-03-01-01-01-22_happy.wav,happy
795,data/training\Actor_22\03-02-03-01-01-02-22_happy.wav,happy
796,data/training\Actor_22\03-02-03-01-02-01-22_happy.wav,happy
797,data/training\Actor_22\03-02-03-01-02-02-22_happy.wav,happy
798,data/training\Actor_22\03-02-03-02-01-01-22_happy.wav,happy
799,data/training\Actor_22\03-02-03-02-01-02-22_happy.wav,happy
800,data/training\Actor_22\03-02-03-02-02-01-22_happy.wav,happy
801,data/training\Actor_22\03-02-03-02-02-02-22_happy.wav,happy
802,data/training\Actor_22\22_01_01_01_dogs-sitting_happy.wav,happy
803,data/training\Actor_22\22_01_01_01_kids-talking_happy.wav,happy
804,data/training\Actor_22\22_01_01_02_dogs-sitting_happy.wav,happy
805,data/training\Actor_22\22_01_01_02_kids-talking_happy.wav,happy
806,data/training\Actor_22\22_01_02_01_dogs-sitting_happy.wav,happy
807,data/training\Actor_22\22_01_02_01_kids-talking_happy.wav,happy
808,data/training\Actor_22\22_01_02_02_dogs-sitting_happy.wav,happy
809,data/training\Actor_22\22_01_02_02_kids-talking_happy.wav,happy
810,data/training\Actor_23\03-02-03-01-01-01-23_happy.wav,happy
811,data/training\Actor_23\03-02-03-01-01-02-23_happy.wav,happy
812,data/training\Actor_23\03-02-03-01-02-01-23_happy.wav,happy
813,data/training\Actor_23\03-02-03-01-02-02-23_happy.wav,happy
814,data/training\Actor_23\03-02-03-02-01-01-23_happy.wav,happy
815,data/training\Actor_23\03-02-03-02-01-02-23_happy.wav,happy
816,data/training\Actor_23\03-02-03-02-02-01-23_happy.wav,happy
817,data/training\Actor_23\03-02-03-02-02-02-23_happy.wav,happy
818,data/training\Actor_23\23_01_01_01_dogs-sitting_happy.wav,happy
819,data/training\Actor_23\23_01_01_01_kids-talking_happy.wav,happy
820,data/training\Actor_23\23_01_01_02_dogs-sitting_happy.wav,happy
821,data/training\Actor_23\23_01_01_02_kids-talking_happy.wav,happy
822,data/training\Actor_23\23_01_02_01_dogs-sitting_happy.wav,happy
823,data/training\Actor_23\23_01_02_01_kids-talking_happy.wav,happy
824,data/training\Actor_23\23_01_02_02_dogs-sitting_happy.wav,happy
825,data/training\Actor_23\23_01_02_02_kids-talking_happy.wav,happy
826,data/training\Actor_24\03-02-03-01-01-01-24_happy.wav,happy
827,data/training\Actor_24\03-02-03-01-01-02-24_happy.wav,happy
828,data/training\Actor_24\03-02-03-01-02-01-24_happy.wav,happy
829,data/training\Actor_24\03-02-03-01-02-02-24_happy.wav,happy
830,data/training\Actor_24\03-02-03-02-01-01-24_happy.wav,happy
831,data/training\Actor_24\03-02-03-02-01-02-24_happy.wav,happy
832,data/training\Actor_24\03-02-03-02-02-01-24_happy.wav,happy
833,data/training\Actor_24\03-02-03-02-02-02-24_happy.wav,happy
834,data/training\Actor_24\24_01_01_01_dogs-sitting_happy.wav,happy
835,data/training\Actor_24\24_01_01_01_kids-talking_happy.wav,happy
836,data/training\Actor_24\24_01_01_02_dogs-sitting_happy.wav,happy
837,data/training\Actor_24\24_01_01_02_kids-talking_happy.wav,happy
838,data/training\Actor_24\24_01_02_01_dogs-sitting_happy.wav,happy
839,data/training\Actor_24\24_01_02_01_kids-talking_happy.wav,happy
840,data/training\Actor_24\24_01_02_02_dogs-sitting_happy.wav,happy
841,data/training\Actor_24\24_01_02_02_kids-talking_happy.wav,happy
842,data/training\Actor_24\24_02_01_01_dogs-sitting_happy.wav,happy
843,data/training\Actor_24\24_02_01_01_kids-talking_happy.wav,happy
844,data/training\Actor_24\24_02_01_02_dogs-sitting_happy.wav,happy
845,data/training\Actor_24\24_02_01_02_kids-talking_happy.wav,happy
846,data/training\Actor_24\24_02_02_01_dogs-sitting_happy.wav,happy
847,data/training\Actor_24\24_02_02_01_kids-talking_happy.wav,happy
848,data/training\Actor_24\24_02_02_02_dogs-sitting_happy.wav,happy
849,data/training\Actor_24\24_02_02_02_kids-talking_happy.wav,happy
850,data/training\Actor_25\25_01_01_01_fit_happy.wav,happy
851,data/training\Actor_25\25_01_01_01_half_happy.wav,happy
852,data/training\Actor_25\25_01_01_01_hole_happy.wav,happy
853,data/training\Actor_25\25_01_01_01_jug_happy.wav,happy
854,data/training\Actor_25\25_01_01_01_keen_happy.wav,happy
855,data/training\Actor_25\25_01_01_01_laud_happy.wav,happy
856,data/training\Actor_25\25_01_01_01_learn_happy.wav,happy
857,data/training\Actor_25\25_01_01_01_make_happy.wav,happy
858,data/training\Actor_25\25_01_01_01_mood_happy.wav,happy
859,data/training\Actor_25\25_01_01_01_mouse_happy.wav,happy
860,data/training\Actor_25\25_01_01_01_neat_happy.wav,happy
861,data/training\Actor_25\25_01_01_01_pad_happy.wav,happy
862,data/training\Actor_25\25_01_01_01_pearl_happy.wav,happy
863,data/training\Actor_25\25_01_01_01_rag_happy.wav,happy
864,data/training\Actor_25\25_01_01_01_said_happy.wav,happy
865,data/training\Actor_25\25_01_01_01_south_happy.wav,happy
866,data/training\Actor_25\25_01_01_01_thought_happy.wav,happy
867,data/training\Actor_25\25_01_01_01_wag_happy.wav,happy
868,data/training\Actor_25\25_01_01_01_wash_happy.wav,happy
869,data/training\Actor_25\25_01_01_01_which_happy.wav,happy
870,data/training\Actor_26\26_01_01_01_base_happy.wav,happy
871,data/training\Actor_26\26_01_01_01_bean_happy.wav,happy
872,data/training\Actor_26\26_01_01_01_beg_happy.wav,happy
873,data/training\Actor_26\26_01_01_01_bite_happy.wav,happy
874,data/training\Actor_26\26_01_01_01_boat_happy.wav,happy
875,data/training\Actor_26\26_01_01_01_bone_happy.wav,happy
876,data/training\Actor_26\26_01_01_01_book_happy.wav,happy
877,data/training\Actor_26\26_01_01_01_bought_happy.wav,happy
878,data/training\Actor_26\26_01_01_01_burn_happy.wav,happy
879,data/training\Actor_26\26_01_01_01_cab_happy.wav,happy
880,data/training\Actor_26\26_01_01_01_calm_happy.wav,happy
881,data/training\Actor_26\26_01_01_01_came_happy.wav,happy
882,data/training\Actor_26\26_01_01_01_cause_happy.wav,happy
883,data/training\Actor_26\26_01_01_01_chain_happy.wav,happy
884,data/training\Actor_26\26_01_01_01_chair_happy.wav,happy
885,data/training\Actor_26\26_01_01_01_chat_happy.wav,happy
886,data/training\Actor_26\26_01_01_01_check_happy.wav,happy
887,data/training\Actor_26\26_01_01_01_cheek_happy.wav,happy
888,data/training\Actor_26\26_01_01_01_choice_happy.wav,happy
889,data/training\Actor_26\26_01_01_01_cool_happy.wav,happy
890,data/training\Actor_26\26_01_01_01_dab_happy.wav,happy
891,data/training\Actor_26\26_01_01_01_date_happy.wav,happy
892,data/training\Actor_26\26_01_01_01_dead_happy.wav,happy
893,data/training\Actor_26\26_01_01_01_death_happy.wav,happy
894,data/training\Actor_26\26_01_01_01_deep_happy.wav,happy
895,data/training\Actor_26\26_01_01_01_door_happy.wav,happy
896,data/training\Actor_26\26_01_01_01_fail_happy.wav,happy
897,data/training\Actor_26\26_01_01_01_fit_happy.wav,happy
898,data/training\Actor_26\26_01_01_01_five_happy.wav,happy
899,data/training\Actor_26\26_01_01_01_gap_happy.wav,happy
900,data/training\Actor_26\26_01_01_01_gas_happy.wav,happy
901,data/training\Actor_26\26_01_01_01_germ_happy.wav,happy
902,data/training\Actor_26\26_01_01_01_get_happy.wav,happy
903,data/training\Actor_26\26_01_01_01_gin_happy.wav,happy
904,data/training\Actor_26\26_01_01_01_good_happy.wav,happy
905,data/training\Actor_26\26_01_01_01_gun_happy.wav,happy
906,data/training\Actor_26\26_01_01_01_half_happy.wav,happy
907,data/training\Actor_26\26_01_01_01_hash_happy.wav,happy
908,data/training\Actor_26\26_01_01_01_hate_happy.wav,happy
909,data/training\Actor_26\26_01_01_01_haze_happy.wav,happy
910,data/training\Actor_26\26_01_01_01_hire_happy.wav,happy
911,data/training\Actor_26\26_01_01_01_hole_happy.wav,happy
912,data/training\Actor_26\26_01_01_01_home_happy.wav,happy
913,data/training\Actor_26\26_01_01_01_hurl_happy.wav,happy
914,data/training\Actor_26\26_01_01_01_hush_happy.wav,happy
915,data/training\Actor_26\26_01_01_01_jail_happy.wav,happy
916,data/training\Actor_26\26_01_01_01_jar_happy.wav,happy
917,data/training\Actor_26\26_01_01_01_join_happy.wav,happy
918,data/training\Actor_26\26_01_01_01_judge_happy.wav,happy
919,data/training\Actor_26\26_01_01_01_jug_happy.wav,happy
920,data/training\Actor_26\26_01_01_01_keen_happy.wav,happy
921,data/training\Actor_26\26_01_01_01_keep_happy.wav,happy
922,data/training\Actor_26\26_01_01_01_keg_happy.wav,happy
923,data/training\Actor_26\26_01_01_01_kick_happy.wav,happy
924,data/training\Actor_26\26_01_01_01_kite_happy.wav,happy
925,data/training\Actor_26\26_01_01_01_knock_happy.wav,happy
926,data/training\Actor_26\26_01_01_01_late_happy.wav,happy
927,data/training\Actor_26\26_01_01_01_laud_happy.wav,happy
928,data/training\Actor_26\26_01_01_01_lean_happy.wav,happy
929,data/training\Actor_26\26_01_01_01_lid_happy.wav,happy
930,data/training\Actor_26\26_01_01_01_limb_happy.wav,happy
931,data/training\Actor_26\26_01_01_01_loaf_happy.wav,happy
932,data/training\Actor_26\26_01_01_01_long_happy.wav,happy
933,data/training\Actor_26\26_01_01_01_lore_happy.wav,happy
934,data/training\Actor_26\26_01_01_01_lose_happy.wav,happy
935,data/training\Actor_26\26_01_01_01_love_happy.wav,happy
936,data/training\Actor_26\26_01_01_01_luck_happy.wav,happy
937,data/training\Actor_26\26_01_01_01_make_happy.wav,happy
938,data/training\Actor_26\26_01_01_01_match_happy.wav,happy
939,data/training\Actor_26\26_01_01_01_merge_happy.wav,happy
940,data/training\Actor_26\26_01_01_01_mess_happy.wav,happy
941,data/training\Actor_26\26_01_01_01_met_happy.wav,happy
942,data/training\Actor_26\26_01_01_01_mill_happy.wav,happy
943,data/training\Actor_26\26_01_01_01_moon_happy.wav,happy
944,data/training\Actor_26\26_01_01_01_mop_happy.wav,happy
945,data/training\Actor_26\26_01_01_01_mouse_happy.wav,happy
946,data/training\Actor_26\26_01_01_01_nag_happy.wav,happy
947,data/training\Actor_26\26_01_01_01_neat_happy.wav,happy
948,data/training\Actor_26\26_01_01_01_nice_happy.wav,happy
949,data/training\Actor_26\26_01_01_01_note_happy.wav,happy
950,data/training\Actor_26\26_01_01_01_numb_happy.wav,happy
951,data/training\Actor_26\26_01_01_01_pain_happy.wav,happy
952,data/training\Actor_26\26_01_01_01_pass_happy.wav,happy
953,data/training\Actor_26\26_01_01_01_phone_happy.wav,happy
954,data/training\Actor_26\26_01_01_01_pool_happy.wav,happy
955,data/training\Actor_26\26_01_01_01_rag_happy.wav,happy
956,data/training\Actor_26\26_01_01_01_raise_happy.wav,happy
957,data/training\Actor_26\26_01_01_01_rat_happy.wav,happy
958,data/training\Actor_26\26_01_01_01_read_happy.wav,happy
959,data/training\Actor_26\26_01_01_01_red_happy.wav,happy
960,data/training\Actor_26\26_01_01_01_road_happy.wav,happy
961,data/training\Actor_26\26_01_01_01_room_happy.wav,happy
962,data/training\Actor_26\26_01_01_01_rose_happy.wav,happy
963,data/training\Actor_26\26_01_01_01_rough_happy.wav,happy
964,data/training\Actor_26\26_01_01_01_rush_happy.wav,happy
965,data/training\Actor_26\26_01_01_01_said_happy.wav,happy
966,data/training\Actor_26\26_01_01_01_sail_happy.wav,happy
967,data/training\Actor_26\26_01_01_01_search_happy.wav,happy
968,data/training\Actor_26\26_01_01_01_sell_happy.wav,happy
969,data/training\Actor_26\26_01_01_01_shack_happy.wav,happy
970,data/training\Actor_26\26_01_01_01_shawl_happy.wav,happy
971,data/training\Actor_26\26_01_01_01_size_happy.wav,happy
972,data/training\Actor_26\26_01_01_01_sour_happy.wav,happy
973,data/training\Actor_26\26_01_01_01_south_happy.wav,happy
974,data/training\Actor_26\26_01_01_01_sub_happy.wav,happy
975,data/training\Actor_26\26_01_01_01_sure_happy.wav,happy
976,data/training\Actor_26\26_01_01_01_team_happy.wav,happy
977,data/training\Actor_26\26_01_01_01_tell_happy.wav,happy
978,data/training\Actor_26\26_01_01_01_thought_happy.wav,happy
979,data/training\Actor_26\26_01_01_01_thumb_happy.wav,happy
980,data/training\Actor_26\26_01_01_01_tire_happy.wav,happy
981,data/training\Actor_26\26_01_01_01_turn_happy.wav,happy
982,data/training\Actor_26\26_01_01_01_voice_happy.wav,happy
983,data/training\Actor_26\26_01_01_01_void_happy.wav,happy
984,data/training\Actor_26\26_01_01_01_walk_happy.wav,happy
985,data/training\Actor_26\26_01_01_01_wash_happy.wav,happy
986,data/training\Actor_26\26_01_01_01_week_happy.wav,happy
987,data/training\Actor_26\26_01_01_01_when_happy.wav,happy
988,data/training\Actor_26\26_01_01_01_which_happy.wav,happy
989,data/training\Actor_26\26_01_01_01_white_happy.wav,happy
990,data/training\Actor_26\26_01_01_01_wife_happy.wav,happy
991,data/training\Actor_26\26_01_01_01_wire_happy.wav,happy
992,data/training\Actor_26\26_01_01_01_witch_happy.wav,happy
993,data/training\Actor_26\26_01_01_01_yearn_happy.wav,happy
994,data/training\Actor_26\26_01_01_01_yes_happy.wav,happy
995,data/training\Actor_26\26_01_01_01_youth_happy.wav,happy
